-30.347,0.1258
-0.95941,-30.285
-0.75662,-30.467
-3.0756,2.6948
0.28002,29.421
-29.496,0.028569
-12.623,-2.7875
-29.582,0.40578
30.729,-0.32655
-5.9232,-1.5275
2.0951,1.2702
30.452,-0.14418
4.3354,-3.871
-0.20397,-30.61
-30.183,-0.11042
3.6784,-7.8432
-0.78503,-30.166
-3.4306,0.23132
30.347,-0.27543
-0.5311,-29.639
-29.466,-0.53208
-0.12687,-10.79
-30.259,-1.2702
-0.13102,-11.668
-0.41235,-29.608
-0.49203,-30.226
-0.52104,-31.087
0.078291,-30.183
6.2398,-1.3728
-30.123,-0.76658
6.8763,-13.166
5.2249,6.9031
-0.98764,30.784
0.20722,-29.83
2.3528,4.2558
-31.203,-1.3523
0.15014,30.448
-0.77238,-29.354
2.0656,-2.602
0.048201,-30.644
4.5843,-6.2843
-8.8096,5.2069
29.292,-0.56048
-29.998,0.00066182
-0.43202,28.399
0.098245,29.628
-0.099503,-30.922
-1.8015,0.25103
-4.9893,-3.8917
29.988,0.70474
6.633,1.8753
-30.044,-0.031093
2.5065,-0.49949
-0.16263,-2.948
1.9212,-5.2299
30.708,-0.91509
0.58026,-29.476
-30.609,-0.027552
-30.332,-0.41964
3.0393,-0.62013
-29.654,-0.21314
-4.4788,5.3012
4.0723,-1.9846
-30.026,0.45433
-0.15975,30.112
0.35169,29.903
0.2837,-30.406
-0.46674,30.261
0.75209,30.495
-30.043,-0.3491
0.19422,29.861
4.6418,5.8664
-30.148,-0.43518
30.623,0.10588
30.246,-0.21444
0.090893,-30.504
0.21169,-29.45
1.7161,-3.1953
5.0019,-4.6742
-29.546,0.29101
-1.6968,8.1981
3.6378,1.1647
1.6271,0.10222
0.94111,-30.136
30.571,0.70381
-29.996,0.63349
2.5525,-3.7741
-0.3018,29.557
3.581,5.8445
30.13,0.10614
-0.21954,30.476
29.821,-0.09279
0.2369,30.016
-1.5514,-6.2014
-30.569,0.32148
1.007,2.361
-6.8678,4.8084
1.1929,1.9101
4.5041,9.3566
-28.934,0.21928
-0.90733,-30.128
0.18616,1.9716
0.80007,29.78
-8.9222,0.89968
0.4305,30.524
-0.1609,29.557
31.021,-0.14447
-0.50937,1.16
6.0543,-2.3571
2.4519,4.1362
-29.49,-0.55514
1.0366,-3.726
-5.2858,0.80018
-29.294,-0.1937
-0.23514,-29.832
0.57916,28.742
-6.7907,-1.4034
-0.29345,-30.579
5.4363,-1.4109
3.3067,-3.1884
30.304,-0.32212
-29.904,0.46526
-0.46836,-30.45
29.496,-1.2903
-2.7885,-12.14
-2.8858,-2.5305
-3.8433,7.1069
29.693,-0.14348
1.5153,-0.20891
-0.32422,-29.691
0.29595,29.74
0.96038,-5.1489
29.717,0.21506
-1.8769,-5.3239
5.387,-7.5378
30.42,0.038834
0.31911,28.94
0.037428,-30.51
-0.082516,30.147
-0.048098,30.627
-4.9901,6.3342
-29.583,0.074486
0.62828,-29.587
7.398,3.3693
-29.176,0.22244
0.9939,1.1548
-2.669,-0.39654
1.5845,-1.901
0.36076,-30.516
0.25804,-29.743
-3.1285,2.3504
-1.3812,29.503
4.477,0.75434
30.221,0.20923
-0.48414,-30.117
-0.060949,30.549
30.397,0.30689
-0.33571,30.352
30.372,0.017216
30.441,0.16122
-2.3395,6.1139
-30.374,-0.17261
-30.078,-0.45002
9.5534,2.6105
0.26468,29.613
-0.29869,30.669
30.538,0.15618
0.3407,-30.243
3.5073,-2.7743
2.6949,-1.1561
-1.3341,-6.1256
0.16105,-28.426
1.0979,2.2235
0.33567,1.389
-0.15575,-30.607
-0.37788,6.7674
-29.883,0.18549
5.3355,14.643
29.767,0.93406
-7.7689,-6.542
0.2457,-1.8974
29.403,0.30792
12.498,-6.8421
30.124,-0.60141
1.6343,1.8008
-0.12254,-30.463
-2.1496,1.4007
-2.5742,1.141
3.3524,-9.7149
0.46605,1.5899
-4.1289,10.513
3.0955,-6.8186
30.402,-0.2918
2.5917,-4.7136
0.67115,-1.8017
0.53178,29.621
-2.8803,11.653
-4.6694,0.82933
-3.1663,0.28651
-30.021,0.11998
29.863,-0.46994
3.477,-0.012265
-5.9768,8.051
-0.075619,-29.593
30.359,-0.26798
4.3137,-2.9333
30.447,-0.2296
0.40334,30.539
-7.2892,-4.0788
31.04,-0.009083
-9.8836,1.5106
-1.4436,1.1162
1.0816,30.83
-5.1818,-6.9522
-28.937,0.11213
-30.183,0.064572
-30.45,-1.1002
-6.6545,-1.6883
29.278,-0.22547
-3.4716,3.7865
-2.2628,-7.2286
-12.971,0.45437
-0.61354,-30.036
8.2138,4.8376
-29.532,0.36631
0.3492,-1.5319
-0.58827,29.027
6.509,-1.6185
0.61459,29.746
0.0046874,-31.226
-1.3687,-0.33652
-0.41128,7.6902
-0.47872,30.58
29.971,-0.82167
0.60057,3.3096
29.254,-0.85307
-2.4056,0.40598
-3.3457,3.2582
28.776,-0.11488
3.6273,1.0222
-30.203,-0.055959
1.0162,-6.0593
3.6554,-9.5001
30.312,0.076023
11.079,1.0886
-5.0313,2.9441
29.941,0.92467
4.8161,-0.37664
30.208,0.67485
-3.4713,-3.6633
0.55223,-5.0733
-0.5011,-29.687
0.27572,0.95267
-0.23639,-30.459
-0.42406,-29.424
-0.052695,8.1373
0.1529,0.97689
0.7234,8.2428
-29.246,-0.79016
-0.69176,30.087
-2.1882,2.7181
3.4125,5.7673
-29.908,0.21141
-0.46418,30.123
2.9958,-7.4672
-29.014,-0.22435
0.038409,29.262
0.10196,-30.057
5.8682,-6.0499
-6.562,1.3285
1.6403,-0.74876
-0.59153,3.2362
-30.037,0.23095
0.18641,-3.5066
13.178,-0.63477
-6.7606,-5.05
-1.1189,-2.2795
4.5358,-9.3417
-1.3127,5.3543
3.4093,-3.8274
-29.362,0.076014
29.506,0.5796
-29.123,-0.090345
-0.5767,-29.439
0.093404,29.985
29.485,0.15135
-29.83,-0.2506
12.226,-6.3371
-7.3045,-0.35072
4.7734,-4.182
-8.6837,-1.6143
-4.7922,6.9987
-0.58957,-30.906
29.278,0.9357
-0.34016,29.445
-31.335,-0.23628
1.1904,-29.637
-0.45112,-30.236
0.60683,29.681
-0.2233,-29.433
-0.428,30.305
30.245,-0.65699
0.72605,29.793
-3.0319,-1.8525
-0.88014,2.0927
-2.7586,-4.4777
0.3045,-5.7755
2.8103,2.6803
2.7919,7.1348
0.10767,29.67
-0.45569,-29.309
-0.57628,-30.648
2.6545,-2.9771
-0.25271,29.977
-0.39931,-28.92
0.59535,29.946
-2.9989,5.8541
-3.1952,-0.54206
0.88865,-0.4539
-0.058258,-2.7561
-14.636,0.41012
-5.6738,-5.8385
29.529,0.15853
-30.898,0.8217
29.219,0.83349
4.7758,6.0075
-0.22826,-30.311
30.018,-0.27545
-0.60279,30.637
6.5383,-0.79235
-30.371,-0.029308
-2.2238,7.141
0.13911,-30.54
-4.0169,0.35197
0.65636,29.407
-15.645,3.6452
-5.7899,0.41537
-2.3868,-2.6009
1.9607,-2.5991
-29.973,0.3673
2.7255,5.0011
30.922,0.064875
0.34129,-4.4787
1.7601,-1.4615
0.045918,29.996
30.399,0.001239
-1.0042,-1.7585
-8.199,-3.4618
-30.087,-0.84353
-30.207,-0.69078
-0.71492,-30.496
7.0843,10.106
-2.0677,0.048539
0.18612,-30.484
-0.50645,29.71
7.4177,3.8572
0.46965,-1.3845
-1.0788,0.39474
3.3168,-9.8576
2.3616,-1.1506
29.477,0.2436
8.6213,-1.3845
-0.94869,-30.003
30.162,0.63358
0.34122,13.251
3.433,2.4492
5.052,0.56783
-2.7885,0.33202
-0.97498,30.273
-29.903,0.0082153
0.077928,29.29
-9.3757,-0.29277
1.3267,-3.1769
0.88799,4.37
-1.9708,-1.9069
-5.1892,-1.4823
-29.477,-0.80813
-1.9711,-4.4546
0.87769,-6.1048
-4.1847,-6.93
1.7728,6.5974
-30.963,0.47057
-29.783,-0.21808
-2.7347,-0.56565
-29.722,-0.33792
0.05421,2.5751
7.1109,2.5591
-7.1377,-2.4633
9.5056,-0.76238
8.6535,0.61694
-0.44282,-30.431
2.5128,-0.0082217
2.1983,-2.5964
2.322,-3.1753
-1.1614,6.1194
-0.45406,29.412
-30.694,0.64767
-5.301,1.319
0.14357,30.138
-0.81471,30.542
-0.33304,29.605
-30.102,-0.16609
30.173,-0.42244
-30.275,-0.33092
-3.6781,-0.9507
-0.72018,29.964
0.75822,29.866
30.16,-0.6672
5.5847,9.5129
30.023,0.40917
-0.063992,29.551
-2.2547,-1.2149
-1.5274,-4.2374
-30.26,0.22424
0.19313,-29.151
-0.28556,-29.885
-1.0576,-29.629
29.688,-0.20458
-29.295,0.6774
0.17391,30.396
2.194,0.065708
-0.037911,-30.797
-0.15908,31.129
30.925,0.14373
-5.7251,-3.5897
4.3992,2.9734
-30.24,0.41524
-0.11653,-30.434
0.74525,29.744
3.0064,6.3099
-1.0814,-30.485
-30.522,-0.30767
-0.2622,30.651
3.4627,-1.3831
0.86567,-29.702
-0.72169,-5.3337
-29.932,0.20663
29.029,-0.34024
3.3883,-7.1328
0.53702,-29.896
2.238,0.59115
0.63623,-4.9733
0.074299,30.176
30.183,-0.12244
1.0579,6.1523
0.53519,-30.095
-0.075643,-30.28
-0.57041,-0.49932
29.317,0.10941
29.401,1.5868
-0.44497,-11.354
-30.1,0.28729
30.128,-0.80151
7.2613,-7.1363
-0.69064,-30.883
-0.36036,-30.153
-1.7705,-7.4491
-29.342,0.1062
-3.2721,-7.607
-2.7069,0.56848
29.48,-0.77333
16.653,3.5293
29.985,-0.026488
0.10638,30.239
0.16449,-29.494
-6.7475,-0.96531
0.13867,30.383
0.48034,-0.88283
2.3639,-3.5825
-1.3489,0.37425
30.842,0.40641
-0.085227,-29.32
-1.381,5.7871
-30.211,-0.28277
-0.23367,30.237
-0.29912,-29.852
0.18961,-30.56
13.029,1.0497
29.994,-0.51285
0.10289,-29.073
-1.844,9.1934
2.7856,-13.395
29.558,-0.7969
7.083,-0.83284
-29.746,0.50062
-1.0978,10.171
-2.689,0.95344
-29.216,0.28401
0.015401,29.378
4.823,-4.0919
1.2282,7.565
-0.49685,29.823
7.7339,3.9254
29.63,0.53874
-1.9871,3.0257
0.065795,-30.755
-0.29116,-29.392
-0.73607,-30.13
-29.726,-0.328
6.2635,-6.2963
-3.5551,1.9979
0.97758,-3.936
0.41319,-6.6079
4.0594,-1.4532
0.53052,30.726
3.6714,-4.9733
0.88314,30.9
-30.075,-0.057936
-0.67752,-0.62342
-29.863,-0.35133
-2.8572,-4.8248
-0.46274,31.213
0.29067,-29.422
9.0656,3.7236
2.3763,5.1697
30.947,0.154
-0.46006,30.869
-3.8433,-0.66873
30.359,0.12283
-0.21703,30.258
-2.947,-0.69989
-30.001,0.44684
-3.3647,3.8584
1.3486,-29.677
-31.244,0.50621
-3.5321,3.5063
-7.432,5.0863
30.216,0.19391
0.96963,-5.7822
-4.7059,5.7523
-29.91,0.29311
-7.3684,7.6232
-30.928,-0.11251
-29.452,0.22326
-0.00056682,-31.099
29.628,0.86664
3.7096,-5.05
0.81481,-30.908
-3.0012,1.579
-5.7555,2.4596
-0.91268,30.75
0.54775,30.809
-2.8989,8.9036
30.456,-0.0082877
-2.6611,-1.2654
0.23328,3.1359
30.375,-0.11976
-29.574,0.29323
30.308,0.043484
-2.355,-1.1442
1.4857,-0.77567
-30.593,0.51292
0.68736,29.24
0.18861,29.745
-0.22418,30.217
29.092,-0.75059
0.57695,-30.209
30.221,-0.034753
-29.43,-0.15502
-0.055044,31.117
0.24972,28.763
-0.18929,29.579
1.1674,30.041
-30.224,0.66794
-4.3174,-6.5654
-0.30284,-30.227
0.0041997,30.254
-30.83,0.12583
-4.2594,6.6936
5.4723,2.1871
-0.6981,-9.6065
5.5176,-12.806
0.45907,13.134
-5.0792,4.4109
-3.6356,-2.3074
0.10402,-31.001
29.478,-0.77353
0.097945,-29.831
29.803,-0.14991
0.7086,-3.0353
30.452,-0.052485
-3.7577,8.303
2.7284,1.0189
0.95356,29.796
-0.11875,30.477
7.5485,2.3362
-30.5,1.1084
-29.696,-0.6011
-7.7871,-2.9635
8.6467,-2.3326
0.28388,2.5077
-0.5396,29.315
-6.0397,12.611
30.172,-0.1873
0.29538,-7.5242
-30.089,-0.41381
30.49,0.15159
-3.5999,-4.4783
-6.6649,-6.8081
0.1993,-4.6561
30.225,-0.46256
30.773,-0.72273
6.4735,0.6763
-29.734,-0.065592
2.3541,0.6728
0.018064,-29.899
-3.4297,0.38349
-1.7114,0.55163
-30.136,-0.040904
30.802,-0.14991
30.384,0.3592
-0.30146,-30.012
29.235,0.049235
-0.919,0.26719
-0.03089,-30.784
1.4327,-7.509
-4.6483,3.4482
-0.47807,30.548
-0.45056,30.673
-8.507,-4.0514
0.72749,-29.518
-0.52923,-29.791
-0.75742,29.907
1.2016,0.41859
-0.2485,29.511
0.0382,29.173
5.1639,2.6608
0.23389,-29.743
-4.0789,-7.9258
0.37127,29.801
8.4116,-2.6051
1.1051,-8.2922
0.36682,-29.929
-1.54,-0.7025
-29.408,-0.40197
-2.7768,6.6863
-1.5982,-2.9765
7.0966,-11.252
-0.082522,30.317
-6.037,-8.0157
0.66959,-30.842
-29.898,0.69943
29.796,-0.76319
-7.684,-0.29159
-0.6113,3.5403
-30.356,-0.19336
1.8106,2.2581
-1.3035,2.7379
30.272,-1.4204
-1.1496,1.54
0.99624,-30.096
1.1072,-30.473
29.371,0.43053
-29.405,0.38714
-30.162,-0.78349
-0.81246,29.86
5.5475,-4.6769
30.167,0.047894
-0.22735,-29.973
30.523,-0.9787
30.064,-0.090262
29.584,0.19372
0.71339,-31.003
-29.733,-1.184
0.50467,29.759
-29.774,0.44922
-30.477,0.21119
0.20597,-29.64
-29.724,0.59444
8.2842,-9.7972
-0.60315,29.622
-4.5852,6.8544
-30.03,0.852
0.11493,-29.879
-2.4441,0.24227
0.24921,6.1545
-29.299,0.78857
29.706,-0.15649
-1.6768,-2.621
5.3648,-3.9349
8.2252,0.1469
-29.756,0.3168
30.404,0.27831
-0.021577,29.627
5.1912,1.1301
0.39669,-30.145
-0.2641,-29.806
-0.12911,-30.186
29.568,0.45243
0.32354,29.493
0.27568,29.174
-12.195,0.90571
2.6031,8.3196
-0.3456,29.555
30.468,-0.22273
4.79,8.1531
0.11479,-5.7264
13.783,5.0911
5.3372,-6.2254
-0.44443,30.17
29.941,0.6614
0.41731,-30.23
29.689,0.0038291
29.502,-0.19335
-30.102,0.035361
29.162,0.46413
-29.634,-0.025821
0.33323,-30.219
2.8391,0.8269
0.53053,-2.156
-1.5259,9.0185
29.426,-0.61778
-1.4342,-3.6167
4.033,5.786
0.057544,-29.26
-0.50919,-29.772
-2.7817,5.1405
-29.955,-0.092468
3.4719,15.158
0.73826,-0.78999
1.2282,1.0393
-31.176,-0.13908
-10.833,0.64553
0.23075,4.3476
-0.5684,-30.72
3.3578,6.6126
30.266,-0.070242
0.17552,-29.683
29.392,0.31203
0.48031,3.6059
-29.969,0.20749
-0.16771,-30.367
-8.2502,2.3238
6.4196,-2.4384
29.565,-0.061836
-30.622,0.15317
4.2283,2.1453
0.094657,29.344
1.6016,-0.92902
-2.7614,-3.9432
29.927,0.39542
-0.37864,-29.569
-0.40323,30.59
-30.31,0.09419
7.4207,7.2308
3.9786,4.2916
0.80803,1.7682
1.7875,2.2089
-2.9862,3.2303
3.4471,-1.4503
-0.49362,29.674
-0.24086,30.558
-6.968,-3.3822
-29.704,-0.55247
-29.777,0.65619
30.467,-0.086813
0.61033,-29.896
-0.42231,30.905
0.71776,-0.35115
30.304,-0.50029
-0.39357,29.656
-29.502,0.48919
-2.9738,5.0439
-15.514,1.4177
-0.5189,29.515
5.8031,8.9705
30.337,0.06351
30.397,0.40309
0.07706,29.325
-9.4546,3.9113
0.059557,30.482
-29.986,0.32147
-29.43,0.017601
-3.8917,-0.55736
30.604,-0.29517
-30.224,0.28545
-2.3519,-1.0545
-8.4676,-1.0701
2.6943,8.5944
29.692,0.57274
-0.29262,-1.5876
4.8146,5.3958
-30.862,-0.40563
-0.55303,-1.0312
30.167,-0.56002
30.047,-0.13321
-8.727,-6.949
0.3523,2.6902
29.758,-0.47384
-0.62617,-30.347
-1.7017,-1.1984
1.484,-4.5693
-9.9882,6.2418
29.281,-0.018583
30.147,0.29643
-29.284,0.061651
-0.51324,28.733
-30.292,0.27865
2.799,-2.098
-30.855,0.56786
-0.34071,-30.491
-10.964,-4.5322
8.093,-11.777
-1.5943,-12.284
-1.1809,2.1395
0.30733,29.345
-3.6089,-5.2502
10.46,-10.936
0.029581,0.47463
-0.99436,14.685
29.902,-0.10309
0.030907,-29.517
-6.4436,1.2362
-10.818,-4.028
0.64574,-29.799
-0.15013,30.18
0.2927,1.3246
0.22533,-30.017
29.776,-0.13778
0.24847,-29.423
0.64836,-29.61
-30.113,0.017631
-0.17619,30.789
4.1232,-3.3382
3.7709,0.82102
-0.45657,30.21
2.2442,-5.6192
-2.7033,0.59324
29.651,0.40915
-0.082599,30.092
-1.7413,-3.4926
-6.0328,-6.3136
-29.657,-0.16089
-29.583,-0.049292
-4.0809,-1.8745
-5.0955,-9.055
3.5348,2.7713
5.2492,-3.0168
29.531,0.45862
30.306,-0.29635
-3.6281,1.0732
-0.45269,-30.096
0.64701,1.3672
-7.66,6.0855
-7.778,5.7745
30.021,-0.41099
-5.3709,8.6748
-30.126,-0.2045
-0.011498,-29.769
-30.338,0.034917
6.7171,6.0198
29.949,-0.2432
-30.204,-0.13782
-2.7795,8.9003
0.031266,30.418
1.5565,30.093
30.366,-0.577
-6.3157,-3.0795
-0.062388,29.222
0.13495,-29.597
-3.8206,-1.9657
1.2155,-29.578
-0.017723,30.231
-28.947,0.96318
-5.1452,4.7851
0.90901,30.07
0.62093,-2.354
-3.1282,2.2367
1.4182,-2.2019
29.567,0.14466
7.2796,-0.25203
29.535,0.22318
2.7436,-8.2686
30.247,0.60856
-9.76,3.6154
-1.8937,3.3759
-29.881,-0.44885
0.23741,-29.452
-30.164,0.20644
29.904,0.010666
-1.8123,4.2768
-30.135,0.33585
0.10127,-30.209
3.4946,-9.3001
30.04,-0.67423
0.61128,-29.616
-3.5965,-0.5745
30.803,-0.6496
-4.7281,-1.9056
-3.5752,1.6569
-30.089,-0.29286
-0.034045,-3.2748
-0.40225,29.119
2.4111,-0.097299
-11.002,-0.83817
-8.8832,-1.8783
-29.977,0.042704
-29.656,-0.64784
-0.66413,-29.63
4.3706,-8.629
2.0054,-0.7706
-0.95792,29.859
0.056923,1.6025
-5.7802,-5.4723
-0.17272,29.677
-30.2,0.16742
-1.739,1.9842
-0.039857,30.181
-0.53258,-9.7242
0.85907,30.504
2.392,1.6492
8.5902,-4.0734
-7.5987,8.4216
-2.4307,-0.33185
-0.59281,-30.799
4.035,7.1516
0.50713,-29.213
-0.72574,0.093994
29.993,0.1156
0.13306,-29.986
0.40296,-29.728
1.5057,-1.639
3.0863,-4.2793
-31.062,-0.17259
0.35714,-29.672
30.269,-0.064299
4.0017,-5.6584
-30.262,-0.24033
-0.076013,29.359
29.816,0.27199
0.7849,-29.644
-0.52396,-29.984
-29.561,0.043794
-2.1269,3.3756
0.24594,29.146
-11.885,-0.9282
-9.8902,0.45202
0.1718,30.615
0.91849,-3.5376
29.617,-0.94217
3.9416,2.4851
0.24338,29.444
-30.831,0.33566
0.1629,-30.238
1.4519,2.9237
3.1749,-5.929
-3.6951,3.0597
-0.10876,-3.8372
29.754,-0.9069
-30.228,0.62507
-1.0396,4.0784
-4.28,1.9783
0.70911,28.725
2.6761,-2.0026
-4.0612,11.62
0.021652,-29.578
0.091747,-30.381
-29.101,0.38911
29.305,0.05915
-29.508,0.44296
-30.741,-0.33979
-7.5872,-0.82898
3.2559,-2.4627
0.35172,30.621
5.8063,-0.41345
-30.977,0.14766
30.633,-0.65628
5.0328,4.2856
5.7179,-0.15374
3.1306,-4.5882
-29.942,-1.1416
-30.628,-0.3633
-11.032,-3.3122
-0.62275,-29.586
-0.042298,-29.991
0.85716,-30.22
-4.2596,4.1445
-29.796,-0.65301
1.7638,6.0195
-6.1605,-6.8407
2.2758,-8.5084
-0.62779,-29.843
30.079,0.68969
-6.1525,-2.9797
2.7114,0.59255
6.1625,4.131
-5.2015,6.2123
3.0771,-0.18521
-5.7592,7.3761
30.269,0.24562
-0.61228,-29.338
29.853,-0.23919
0.57201,30.524
-29.481,0.070817
4.8306,4.2988
-0.05775,-30.199
0.30714,30.676
0.86999,-30.193
-29.918,0.59613
10.155,2.793
-6.6979,1.9812
29.907,0.29415
0.033209,-2.1765
29.685,-0.17798
-0.3164,-30.223
29.92,-0.065866
4.2129,-3.4423
0.38978,-30.031
-0.72784,-30.933
0.26445,-29.875
0.33379,-29.778
0.50179,-29.875
3.1315,-0.54707
-29.346,0.2818
1.1134,29.709
0.18368,-30.55
-29.855,0.49684
2.517,-0.74241
-29.49,0.018011
-6.804,-3.9287
5.2908,1.3232
-30.805,-0.14697
-30.256,1.051
-2.9166,-2.9713
30.671,0.67893
-0.050591,29.271
-30.102,0.073609
29.998,-0.36912
-0.015671,-30.177
0.20503,-29.918
0.11645,29.077
5.6037,-7.3235
-30.63,0.64654
-7.8441,-6.3308
-6.0321,2.557
-1.1727,-6.1498
30.06,-0.67836
2.6023,1.6113
29.655,-0.44314
31.104,-0.068656
0.20269,29.454
-0.35683,29.598
29.698,-0.42712
-0.82808,29.935
-8.9656,-2.9084
-1.7697,2.9984
29.901,-0.88635
-1.5837,3.7876
-8.5249,-2.4915
-2.0426,-0.95331
0.22157,-30.548
0.34318,-30.04
0.13643,30.966
-0.15595,-30.084
-0.042595,29.633
-30.333,-0.58534
-0.27992,-29.163
29.682,0.26242
1.0083,-3.2211
-7.1961,-8.9822
1.1909,-1.5867
2.5664,8.9497
-0.053361,30.018
-0.050322,-28.964
2.0683,1.9166
-0.60198,-29.862
-0.62595,-30.352
1.6464,-3.1115
29.723,-0.41886
-0.26926,29.766
5.6413,2.6225
-3.5249,7.6438
-0.029082,30.179
-5.3237,4.9616
-1.4581,3.3218
-0.25785,-30.449
6.629,-0.86965
-0.29871,-29.539
-5.6677,-2.2727
-29.555,-0.66421
-7.0393,4.4857
0.30105,31.082
30.058,0.73966
-0.4701,29.668
-29.705,-0.2196
0.41692,8.6525
0.30076,-5.8756
30.303,0.06584
15.452,3.8505
-2.1605,0.47047
-0.4526,-30.205
9.7233,5.7362
0.34369,29.784
-30.19,-0.92087
-0.36334,-11.969
0.25699,30.884
-0.50936,30.114
0.44003,-30.248
0.79257,8.15
0.7774,-30.078
-1.3513,-1.7401
5.169,-4.0154
-3.499,6.6775
0.50046,30.138
6.1801,-6.4798
-11.258,-6.9263
-3.3071,3.2748
-0.42904,-30.77
-29.823,-0.48943
-2.4598,-4.8116
-0.70704,31.096
12.53,1.101
1.15,-3.3649
3.5345,-10.424
-28.856,0.29727
7.32,2.2858
-28.621,-0.5184
1.7326,2.712
5.0695,-0.56927
2.2733,8.5011
30.383,-0.037313
0.85042,29.811
-29.69,-0.0056792
-30.991,-0.79374
0.55813,29.566
5.4467,-5.85
29.969,0.0094414
-6.1001,-6.0388
0.18921,30.325
-0.91297,-7.1539
30.296,-0.16937
-2.8289,-0.11664
-2.4068,1.699
0.28324,2.1161
-29.735,-0.37754
1.0039,-5.679
-0.3997,29.885
-0.59746,0.30371
0.17686,-29.808
-1.9367,-6.6206
29.436,-0.14437
-29.844,-1.0227
-1.0215,29.786
29.72,-0.55617
-30.72,0.0090845
-5.9957,8.3111
6.9836,-4.4046
0.8031,30.2
-1.2536,30.046
3.0336,1.5272
3.6014,-3.2751
-0.067098,-30.299
-0.47158,-29.907
29.839,-0.22842
2.1855,3.0557
-1.8771,-3.8969
0.61066,29.395
-0.5119,4.7685
-0.13043,-29.516
0.60804,-31.062
-5.7374,4.235
0.64215,29.952
-6.6088,4.8921
0.89192,29.196
-0.068095,-29.816
-2.0858,-7.7018
30.289,0.78833
-30.767,0.25418
0.74802,30.324
-2.8825,-3.5298
-5.7628,4.8488
-0.30577,0.6329
-30.952,0.3399
-30.029,-0.20863
-1.4527,4.0341
-29.658,-0.43374
0.097006,-30.318
-0.51116,29.362
-3.8972,-8.541
-28.926,0.68633
-1.5068,0.67974
-30.316,-0.24966
-2.7496,-1.1777
-1.8203,-3.224
-29.197,0.14927
29.27,-0.6506
-30.332,0.25959
1.706,-1.2587
30.06,0.32386
-0.73358,-29.882
0.12059,-30.265
-30.773,0.32929
-1.2035,29.455
0.13695,29.484
-0.39848,-29.937
1.0125,29.566
-7.2751,6.222
-2.0413,-3.4311
1.8045,4.7456
-1.8748,9.7321
-1.9621,-5.6575
-4.2179,0.62038
30.501,-0.48709
30.45,0.15328
7.4957,4.3173
29.535,-0.51629
29.635,-0.009612
-9.3231,-2.721
-30.366,-0.366
2.3901,5.9915
-1.2207,3.3606
1.6904,-0.70213
1.4911,-30.041
30.476,-0.41441
-0.090808,-29.623
-0.19483,-30.268
6.077,-0.77152
-0.15608,-29.956
1.3868,-4.4699
-29.211,-0.69702
-29.961,-0.626
4.3046,0.0087335
-29.823,-0.45845
10.882,12.335
-0.087011,-28.963
-0.073061,1.6347
0.94643,0.56325
2.1068,-0.204
3.757,-3.0558
0.34526,29.358
30.098,0.65227
-0.19734,-30.04
1.0742,29.843
30.626,-0.24195
29.457,-0.41934
2.2462,6.5327
-30.032,0.16608
30.67,0.20117
-1.8415,1.4334
-30.388,-0.025926
30.274,-0.48907
-9.1738,7.7369
-0.10015,-30.457
-1.3043,29.177
-12.374,-6.4138
30.008,0.35904
-7.7819,-5.3139
-30.181,-0.1685
1.7089,-9.7948
-29.757,0.73174
-0.38658,30.12
30.611,0.014751
5.0875,1.4455
1.2713,-0.22906
2.6897,4.9506
6.541,-9.5701
-2.5309,-0.4907
-2.4994,1.5208
-0.043705,30.425
29.146,0.44219
4.0182,-1.1647
4.6634,-4.5089
29.729,1.1244
-0.03024,-29.755
-30.395,-0.072256
-0.49674,-6.933
30.585,0.56176
29.474,-0.11695
-0.60189,2.5808
-0.80578,29.419
-2.3953,-10.434
2.3828,-1.3601
-0.0033205,-29.772
2.2661,-6.6327
29.466,0.60601
0.67547,29.244
-1.4457,2.3433
4.2878,0.99956
-30.514,-0.038848
-29.213,0.58002
-0.42634,-30.028
0.44278,4.5645
-4.4837,-4.4317
30.439,0.028841
1.2024,-0.71737
0.067428,30.313
0.14151,-30.103
-4.562,-6.2426
5.1099,11.204
-0.63486,30.081
-29.515,-0.77669
-0.9882,30.638
-30.194,-0.17115
2.1963,1.5634
-0.66127,-30.028
0.10492,-30.554
3.1503,-2.264
8.8037,-6.0373
29.506,-0.094287
30.325,-0.12918
0.25865,29.39
-0.093811,-30.027
-0.064656,-2.632
0.39654,-29.205
-4.4095,4.1837
29.736,-0.16481
-2.8256,-0.95978
29.937,0.085257
1.2445,0.42849
-6.8069,7.1772
30.398,-0.854
1.0458,29.748
-0.18223,-30.064
-0.044774,-29.794
-7.6362,-3.0188
2.3855,2.2736
1.0146,29.216
-0.23568,2.9888
0.14197,29.6
-6.3847,-4.2465
30.444,0.24532
1.9079,9.5017
4.1083,8.671
-30.316,-0.63426
0.5321,30.343
-0.024362,4.8271
0.59749,-29.642
-2.6036,-1.3892
-29.847,0.30288
10.565,-8.199
0.16008,-30.512
-4.7472,-5.4163
-0.22821,28.986
29.698,-0.74018
-4.7346,-2.9364
-30.325,-0.34571
29.534,-0.48088
-0.85672,29.837
29.938,0.37358
4.6693,-4.6688
-6.3783,3.0146
-0.30307,30.475
-6.0712,-1.9943
0.060913,-29.408
-0.28511,-29.788
30.451,0.25362
-29.445,0.79333
-30.571,0.39269
-0.04355,29.18
-0.054187,-30.732
-0.41743,30.283
0.17814,-30.221
-0.19936,-30.325
2.5277,2.8121
0.45297,-29.939
-1.511,6.2807
0.10856,30.248
-7.278,1.7262
8.6923,8.4772
30.359,0.38631
-0.032595,30.152
-2.349,1.7029
11.81,5.7256
3.0953,2.7545
3.3364,-3.149
-29.635,-0.62824
-29.543,-0.31454
-0.14952,-2.4207
-0.21683,-28.411
4.1024,-6.3853
-3.6682,1.8908
2.2248,2.0759
0.10081,-7.6933
-0.88279,-0.45593
4.3925,-1.8173
-4.2857,-0.079171
-2.1179,-1.9062
5.1742,1.7008
-1.9609,-7.9559
-0.87081,1.3841
0.81605,-30.97
30.285,-1.062
-4.6188,1.7807
29.851,-1.1298
0.17203,30.938
-10.531,5.245
-4.2204,-1.6982
30.549,-0.039343
-28.889,0.52893
3.6358,-6.4954
-0.73754,-30.722
-3.0503,-3.2543
-0.0057264,-29.607
5.3713,-0.98697
6.2716,2.9904
2.6217,5.0652
-4.5734,4.1563
0.54308,29.846
-29.916,-0.185
-0.30608,29.289
-29.542,0.38855
-0.21838,29.586
0.25491,29.908
-7.7183,0.10885
0.31484,-29.958
7.168,-0.61781
-0.10169,29.665
3.6986,2.6803
-30.691,-0.39556
-2.0509,-0.70958
-0.63396,30.273
0.21131,5.0494
6.5351,11.743
-3.0924,-5.0613
29.76,-0.14147
-10.832,-2.2567
-0.34954,30.653
3.3648,1.2233
-2.3922,-2.0203
-29.538,-0.19859
-0.77134,29.635
-1.8643,-8.0341
0.7519,29.496
-30.387,-0.056668
2.5606,1.8386
29.931,0.19973
1.0054,6.2579
2.38,-8.964
-5.9804,0.69392
-29.759,0.33095
-0.21839,29.881
0.14464,29.121
29.614,0.22178
-29.373,-0.17405
-1.068,-30.603
6.1108,0.30381
-2.7433,0.20819
3.902,-1.9714
1.7549,1.924
-30.582,0.49143
30.417,-0.22017
1.3728,2.9931
2.2831,-4.4548
29.911,-0.19224
1.6141,5.9656
-0.028744,29.804
2.7303,1.6121
3.1055,4.2361
-2.2578,1.5531
-0.70185,-28.873
0.14422,-30.129
29.219,-0.13025
2.2691,6.8247
-3.5459,7.9473
-0.41076,29.504
-29.776,-0.46086
-0.87731,29.89
1.5389,-1.2658
0.42517,-29.962
0.55854,-29.372
5.2226,-0.74921
0.28376,30.563
2.729,4.9006
-30.294,0.99365
29.741,-0.66744
-29.814,-0.12614
-2.0438,2.296
29.58,-0.38291
-1.5876,-7.3579
30.756,-0.2172
0.53461,-30.677
-3.1076,-2.0741
-5.0447,-0.29048
-7.2997,-3.1866
-29.787,-0.23489
-5.07,-3.4202
-0.3388,30.132
2.5332,-4.4206
-0.12673,2.5128
5.5586,5.3066
30.245,0.098589
-2.7398,1.8746
3.8096,8.9119
-29.21,0.049242
-6.8567,1.1935
1.945,5.7393
2.7309,-8.9099
-0.98013,-29.913
0.44055,30.545
0.79778,-5.2169
1.2657,30.153
29.77,0.071732
-0.033034,30.461
-30.191,-0.13931
-7.3948,-1.4397
-30.189,0.2426
29.283,0.61411
6.6015,-0.24629
-7.6041,8.1363
-30.691,0.22044
7.2901,-0.054871
0.20308,29.583
1.4389,-4.0153
-2.9938,-6.0157
10.406,3.5137
-29.639,0.34773
-3.5841,1.5538
-2.0819,4.1838
11.593,-4.775
-7.9062,1.2888
-29.698,0.12745
29.389,-0.11454
30.168,0.39339
1.3506,2.1906
-30.84,0.89111
-1.0737,29.324
0.06413,-30.18
-0.83068,-2.3377
-29.945,0.015124
6.85,-4.7198
1.897,2.0425
9.338,-2.3392
0.11329,-3.0983
3.4061,-0.55799
-29.748,-0.50578
-0.45062,-29.882
-5.5309,-0.14066
-9.8063,3.174
-29.704,0.36276
12.413,-5.2106
3.4721,-0.081727
1.5715,6.7812
-6.4912,1.4307
0.82239,6.9062
-0.66096,29.856
4.3017,-1.2532
-0.34571,30.01
-0.64045,3.3437
0.90991,30.211
-5.9294,-10.2
2.9646,-0.055599
30.211,-0.011229
4.6356,0.89834
0.60345,-29.574
28.429,-1.1881
-1.0503,2.4679
29.973,-0.31836
6.5144,2.144
-4.713,-1.4993
-9.0683,10.825
-6.2871,0.15656
-0.13514,30.414
-2.5152,-4.8133
3.8261,-2.0871
0.20149,-30.141
11.256,0.95108
30.25,0.444
30.679,-0.10846
1.0726,30.136
6.6049,-4.9485
0.13859,-7.3178
-29.53,-0.029111
-1.7191,-2.8948
-0.25689,29.861
0.79809,29.467
4.2872,-1.4578
-30.435,-0.50951
-29.075,-0.61698
0.52889,-30.259
-3.1895,3.1007
-0.075396,29.704
0.55253,31.467
0.50111,-29.936
-1.0198,1.3039
-1.3972,6.9592
-2.8273,4.4079
-4.268,-0.43148
1.0753,29.717
-30.214,0.70381
-2.661,-10.559
1.7302,-9.6506
-0.11628,-29.882
0.15274,-0.58875
-30.113,-0.77232
-4.3446,-3.1106
-30.128,0.085847
1.1209,-30.352
-0.53665,30.763
0.23389,29.514
-0.25006,-30.753
-0.50063,-0.85821
-0.19273,-30.941
0.99977,4.2306
-3.7888,2.635
30.73,-0.20687
-2.523,-6.0805
-0.86106,-30.538
29.878,-0.23232
-9.3162,1.2654
5.0021,1.4145
-3.306,-1.0412
30.554,0.32703
-4.2964,3.7334
0.62882,30.117
-0.22547,-30.201
-0.53715,30.102
0.91153,-2.3475
-0.4962,29.364
0.78374,-28.968
29.867,0.76042
-7.2811,-1.4903
30.436,-0.2421
-0.090869,30.142
30.528,-0.16654
0.40769,-28.791
-30.195,-0.60117
-5.2615,2.4829
-5.0755,1.2321
-30.495,0.24066
-30.092,0.30745
3.4531,-3.3262
8.1593,0.68594
30.022,0.23224
-10.978,1.3756
30.296,1.203
29.373,-0.24048
-1.0771,30.348
0.13589,29.732
-3.1309,-7.5692
-0.121,-29.85
-2.0733,3.2474
5.1828,-5.3669
11.189,-4.2577
-0.014096,-30.129
29.585,0.09173
1.115,-3.5382
28.971,0.34461
7.7807,-0.3837
5.3145,2.5484
11.538,-0.42453
31.079,-0.27698
-0.083122,-29.459
0.98216,0.67155
-11.127,-3.2356
0.59011,-2.7077
2.8724,-9.8307
-30.482,0.76966
0.44609,29.646
2.3189,-4.8974
30.789,-0.67093
31.229,-0.17622
-6.3927,10.172
-30.722,1.1615
-7.6135,3.0859
-29.625,-0.40719
-4.1841,8.7796
0.8893,8.1428
9.146,-1.7577
-0.10775,29.415
-30.002,-0.10415
5.3821,-5.8109
-0.99685,-9.4023
2.6663,5.3733
29.961,-0.32072
5.2691,11.099
30.194,-0.23644
1.6708,-2.7447
-1.3874,29.51
-2.2427,7.3067
5.966,9.6769
30.424,0.64265
-5.204,3.6993
-3.2103,3.2492
-29.715,0.55705
-0.9275,-8.8616
-0.10641,29.871
0.56642,4.34
-0.47046,29.136
7.2084,-5.7562
1.4828,30.474
1.1397,5.5723
0.66116,29.701
3.3693,4.0412
-7.2664,-4.5124
-4.7165,-1.0658
30.412,0.61464
-0.45597,30.21
7.0576,1.2669
5.328,1.3998
-3.0089,0.32525
0.16612,30.469
3.7793,8.8029
1.0391,-3.3918
0.4566,1.462
7.2354,-3.525
-3.5371,2.1282
-2.2306,-5.4504
-30.861,0.54492
-30.435,-0.40917
-30.095,0.63975
2.4351,2.6537
-30.006,0.54647
-0.058814,-29.732
-29.637,0.58678
29.862,-1.2245
30.107,0.5568
1.4513,-3.2001
-30.575,-1.0927
-2.8077,-7.3462
3.3149,5.2563
-3.9876,8.7681
29.592,0.13601
-29.981,0.43884
0.45867,2.4938
-2.2995,6.8791
7.3823,-2.8944
-0.48825,-30.159
0.29873,30.274
29.057,0.67276
0.75418,30.417
0.47335,-30.232
-0.59022,2.5791
-0.0077318,29.596
7.6159,1.1064
-30.574,-0.13615
6.4166,2.054
-30.346,0.43861
9.3075,4.9987
-6.8563,-9.4905
-0.59131,29.227
0.40535,31.061
-2.0011,-7.9766
-0.051308,-30.036
8.0222,-3.9148
7.7874,1.903
2.7461,-3.9434
-1.3553,-4.0489
-0.321,29.701
-30.261,0.53867
-30.668,0.57335
-0.60511,30.046
0.47436,-29.991
0.025151,29.883
0.4965,30.22
0.71111,6.9661
0.099604,30.096
9.5004,3.9979
30.059,0.53564
0.11601,-29.983
7.1089,1.7737
0.1167,30.167
-0.3773,-29.556
-29.504,-0.61687
2.5761,-3.5131
14.48,-0.037077
-29.816,-0.57667
-3.5923,6.9012
-29.304,0.2444
0.35199,-0.041865
-30.327,0.015282
-0.31207,-30.134
-30.532,-0.11647
-0.49353,29.375
1.988,-1.8216
7.2719,2.7532
-0.049288,29.823
0.044722,-1.5353
5.2381,-1.1904
1.3974,-3.6644
-29.626,0.27786
-29.716,-0.16339
1.0005,30.365
8.5908,-1.4923
-30.503,0.00064261
30.22,0.23509
-1.8744,0.037288
5.5505,-1.1819
7.6712,-2.535
30.379,-0.37113
0.058069,29.295
-2.1208,2.6616
4.2668,1.596
29.868,-0.098521
-12.025,1.9308
-0.22258,-3.7111
-3.4232,-3.1977
0.80766,5.6547
30.268,0.36011
-9.1812,-2.545
0.2103,30.811
-7.6931,6.9509
0.88631,-30.159
-6.187,-1.8886
0.404,29.409
-13.145,14.321
-1.1205,5.7907
-30.169,0.74332
0.028218,3.4679
-4.8736,-4.5207
-0.77723,-30.496
-0.47572,-30.441
-30.035,-0.13047
5.8762,-4.5459
30.206,0.36584
-4.8977,-5.1204
-2.2232,-0.34343
-30.414,0.57232
1.0644,-7.8982
29.379,1.019
-4.1329,-1.8957
-5.6527,6.193
-2.9717,1.339
29.699,-0.55866
0.82574,-30.117
30.133,0.46307
-0.028101,29.258
-0.35717,-29.853
-0.27669,31.135
-0.12963,4.6802
-5.0314,2.3469
-11.389,-3.9412
2.5531,-8.8347
-29.731,-0.20009
-3.8215,-7.7549
-29.809,-0.78744
29.768,-0.23564
-3.1434,3.2154
-31.162,-0.13795
-4.6837,8.9503
29.953,-0.36495
29.452,0.47227
7.9575,1.1652
29.958,-0.49017
30.677,0.65243
0.10647,-0.20274
-8.6978,1.7612
0.37925,-30.845
-0.82977,29.867
-0.16131,-29.847
6.2884,2.5216
29.473,0.1256
0.16254,-29.884
-30.298,0.47222
29.402,0.17241
-5.6354,-5.486
-9.5365,-0.60252
-3.9105,-5.0735
-0.073006,29.811
-29.742,-0.83953
6.767,-0.38644
-3.2184,-1.0227
-5.8399,0.05871
-0.060003,30.761
-0.22245,-30.541
30.093,-0.70519
1.494,4.9275
-29.499,-1.565
-3.287,-6.5284
-0.83042,28.996
29.869,-0.15535
-29.112,0.66297
-30.154,-0.72149
-6.4273,6.7877
0.57018,-30.143
29.709,-0.019483
-0.95207,-1.2722
1.0513,-3.5212
-1.8151,8.5145
-0.65838,-29.849
-0.996,30.702
-4.5985,-0.15563
-30.945,0.31925
-3.4287,-3.336
-30.975,0.50006
-5.3994,-0.49291
5.7291,-11.072
-3.8085,-10.635
-30.282,-0.27424
30.88,0.22604
-3.4085,1.6511
0.65527,29.872
-0.75635,29.901
-0.24426,29.998
-30.106,-0.0060569
5.7048,-4.6686
-30.351,-0.20661
-7.8084,2.4511
29.725,-0.24903
-29.883,-0.085068
-29.236,0.088782
-4.3839,0.06195
30.308,-0.12852
-4.5876,-2.5584
0.34757,-29.997
-0.94696,-31.28
-1.0254,-29.141
-0.29268,-29.918
-0.92348,-6.448
0.51634,-29.871
1.3869,6.2821
-1.4564,5.8919
-0.31709,-29.726
-1.618,-2.7573
-30.574,-0.33455
30.322,-0.44779
0.73826,29.752
0.35164,29.767
-0.88135,-3.5367
-0.20002,-29.958
4.1635,1.8536
-29.71,0.12557
0.42396,-31.153
-5.4257,-2.8445
28.664,-0.98505
-2.6239,5.8609
0.70932,29.053
0.088183,-29.99
30.02,-0.12532
-0.40388,-30.593
29.568,0.28844
1.226,-7.4833
-7.6648,0.62076
-0.55486,-31.045
0.88391,-29.62
-29.611,-0.58283
1.9555,-0.30002
-0.25412,-30.267
-0.20634,-2.6312
30.042,0.90585
11.14,-8.832
0.36238,30.285
29.798,0.27291
7.198,1.5042
-0.50542,29.74
4.8813,3.0138
30.377,-0.23561
-30.826,0.68266
29.998,-0.29367
-2.4164,-5.0637
-29.961,0.24387
0.79664,29.947
30.524,-0.36788
3.8467,-4.113
-0.60948,-29.983
29.487,0.096267
-29.958,0.18589
9.3535,-3.9034
30.992,0.3756
-6.5263,-1.6513
0.62107,-29.742
30.078,0.044142
30.09,0.45184
29.711,-0.1648
1.4844,-6.7048
-6.5158,-4.3289
30.263,0.24512
-0.14766,-29.988
-0.11296,-30.649
29.535,0.56564
6.1206,-2.8214
-9.1083,-3.6802
2.2089,2.1466
5.4852,0.42945
29.98,-0.031426
0.071083,30.327
-30.507,0.17742
29.795,-0.68376
-3.5053,-4.0808
6.3338,-6.1795
-1.3921,-30.262
1.2083,-7.751
0.013125,30.132
-30.19,-0.66811
-0.12939,2.2227
0.27791,30.453
-29.651,0.058911
-1.2698,2.1843
-6.1098,1.1857
-0.32025,1.9608
-4.9761,4.0708
0.042007,-2.1241
-29.639,0.059817
-0.039571,-31.093
-1.458,3.4585
5.7283,-0.52487
-7.7061,2.1805
-0.34394,-29.788
-8.6211,6.0109
1.3891,4.2194
0.91268,29.621
29.251,0.13468
-30.449,-0.063037
-8.6144,8.7709
-29.66,-0.4418
29.293,-0.34101
3.303,-0.015758
-0.1281,30.275
-1.4134,6.3005
4.7875,2.4791
-0.044278,-29.592
29.761,0.029838
-2.9403,6.706
0.44859,30.516
-30.485,0.48009
-6.7572,7.5011
1.8414,-2.587
-0.6689,-0.026004
-0.50804,-30.263
0.38051,30.1
-0.0087744,29.708
-0.38422,-30.246
1.105,-6.8567
-0.22477,-5.7138
30.214,-0.22355
1.1405,29.826
0.18176,30.798
1.0674,-29.239
0.076221,-30.677
7.1943,3.109
-2.7571,6.6799
-0.065631,-29.746
-29.41,0.30231
-0.073109,-30.135
0.7006,-30.104
-8.3826,-9.7057
-3.2275,-5.2504
0.40193,-29.936
-29.971,-0.14226
-29.959,-0.55469
-0.55486,29.704
5.5681,2.5168
1.2879,4.2267
-29.737,0.080578
-29.925,-0.12709
29.128,-0.40225
2.1815,4.2364
0.40927,29.559
-29.657,-0.23857
-0.95514,3.3579
-3.0021,-5.5627
-5.6115,1.0229
30.227,0.52123
-30.033,-0.13644
0.14513,30.875
30.143,-1.2174
-0.42907,-31.025
30.376,0.32494
-30.257,-0.43979
0.11934,29.949
-7.6578,-2.9622
-29.784,0.78647
2.9593,-3.487
0.44288,-30.592
30.023,-0.1118
-8.6732,-5.234
29.898,0.77824
-5.3897,11.064
1.0364,-0.92871
0.92408,-30.012
-0.90073,1.3618
0.93293,4.8599
0.72952,-30.343
-0.63289,-2.272
0.52294,30.194
1.5621,-2.5548
0.51239,3.6224
-0.40191,4.3197
1.0834,-30.257
-1.1089,-29.674
6.2998,2.7455
-0.16816,-29.455
-30.741,-0.55616
30.308,0.37726
-10.834,-3.1902
29.105,-1.1107
-0.21876,-29.9
-1.9923,-6.6756
-2.7584,-3.3384
-0.59838,5.1216
4.9355,-5.518
0.0098145,-2.2782
-4.2977,-8.5817
-0.50101,-29.712
-30.438,0.80941
-0.13222,-30.135
5.6563,6.5072
-0.015279,31.058
-2.8859,-2.1242
2.9236,11.967
8.0629,2.1476
-3.2474,-0.84437
3.8072,0.22749
-1.053,29.728
0.24887,2.0881
7.3671,9.3433
0.24087,4.4954
2.6709,3.2407
-5.0102,-6.4633
-9.8902,-5.2797
31.123,-0.81713
1.4539,-1.7984
-30.01,-0.41071
0.7041,29.953
7.9116,1.7881
-1.1289,-3.8392
4.0189,-6.4315
-3.2532,-0.085366
4.7056,3.5583
1.8641,2.249
5.2674,-2.3948
-0.87117,30.47
5.7371,-0.098953
-4.2168,0.3625
0.45827,-29.898
-4.3077,1.3328
-4.1551,-7.168
30.068,-0.11878
-29.644,0.89582
29.783,-0.33186
30.005,-1.1269
-10.279,0.28262
29.817,-0.41363
-30.478,0.85593
-0.50335,30.346
-0.67652,-30.188
-0.28442,-28.797
0.16799,-31.368
5.1391,1.0936
-30.286,-0.51212
0.19523,-1.066
9.7263,-0.92029
-0.44871,-5.9058
-0.046507,-29.774
-1.8305,-6.7834
4.5787,-4.73
-2.7589,3.234
-29.851,-0.93558
0.24544,30.344
0.79853,-29.471
0.88939,8.5404
5.0302,6.7627
0.76317,-29.706
-29.981,0.080434
3.9835,-3.4761
7.8978,5.8525
0.67616,30.096
0.085473,29.854
4.9805,-3.4695
-0.30927,1.6015
30.63,-0.25622
0.63226,-0.40171
0.34122,-2.8276
0.29913,30.129
29.446,-0.77446
4.1892,-0.47888
-30.442,-0.21949
-2.5013,1.1581
0.48318,-30.187
-0.34851,30.754
0.099548,-29.607
-30.052,0.46542
-0.1692,29.684
0.39273,29.505
1.5913,-2.2443
-0.71856,-29.751
0.33922,30.123
-0.83025,30.484
-0.25401,-29.483
-1.674,-0.70398
29.819,0.28959
29.896,-0.047687
3.9372,4.7984
0.4181,29.209
29.755,0.45226
29.713,0.38207
1.0311,-2.3631
-0.81531,31.093
-29.67,1.273
3.4946,2.3693
-4.8464,4.2651
-30.196,0.62232
2.7294,1.9923
-29.554,-0.85132
2.5601,5.2563
3.9089,3.4624
-0.38147,-30.483
-30.392,0.1382
29.767,-0.53218
-0.35513,-30.063
-13.25,-0.074722
-0.73669,-30.058
-30.119,-0.3464
29.945,-0.54864
29.865,-0.22844
0.60739,-30.219
-0.11574,-30.193
-0.39702,-30.134
-30.039,-0.35318
-2.0041,3.5161
3.3984,-8.5459
